name,price,status,shipping,free_returns,items_sold
Shop on eBay,2000,,,,
Shop on eBay,2000,,,,
Spider-Man #1 CGC 9.8 Green Marvel 08/90 McFarlaneOpens in a new window or tab,8400,,0,,6
Lot of 10 Different ALL Spiderman Comic Book Books Amazing Ultimate Spider-ManOpens in a new window or tab,1497,,0,,480
Amazing Spider-Man (2025) #1-16 17 18 19 20 21 22 23 Marvel Comics COVER SELECTOpens in a new window or tab,488,,695,False,
Spider-Man #1 CGC 9.8 Silver Marvel 08/90 McFarlaneOpens in a new window or tab,8100,,0,,
Marvel Comics Spider-Verse / Spider-Geddon 2023 Omnibus SEALEDOpens in a new window or tab,3800,,600,,808
Amazing Fantasy #15 (1962 Marvel) - PSA Restored (PRO) EXT 9.6 - 1st AppearOpens in a new window or tab,13000000,,,,
Amazing Fantasy #15 (1962 Marvel) - CGC 6.5 - Origin and 1st Appearance ofOpens in a new window or tab,6201100,,,,
Amazing Spider-Man #1 (1963 Marvel) - CGC 9.6 - 2nd Appearance of Spider-MaOpens in a new window or tab,26000000,,,,
Amazing Spider-Man #129 (1974 Marvel) - CGC 9.8 - 1st Appearance of the PunOpens in a new window or tab,375000,,,,
Amazing Spider-Man #34 (1966 Marvel) - CGC 8.0 - 2nd Appearance of Gwen StaOpens in a new window or tab,21500,,,,
Amazing Spider-Man #22 (1965 Marvel) - CGC 6.5 - 1st Appearance of PrincessOpens in a new window or tab,4900,,,,
Amazing Spider-Man #86 (1970 Marvel) - CGC 8.5Opens in a new window or tab,6700,,,,
Amazing Spider-Man #194 (1979 Marvel) - CGC 5.0 - 1st Appearance of The BlaOpens in a new window or tab,8200,,,,
Amazing Spider-Man #2 (1963 Marvel) - CGC 3.5 - 1st Appearance (Adrian ToomOpens in a new window or tab,141500,,,,
Amazing Spider-Man #59 (1968 Marvel) - CGC 8.5 - 1st Mary Jane Watson CoverOpens in a new window or tab,15000,,,,
Amazing Spider-Man #45 (1967 Marvel) - CGC 8.0Opens in a new window or tab,10500,,,,
Amazing Spider-Man #82 (1970 Marvel) - CGC 8.5Opens in a new window or tab,5300,,,,
New ListingSPIDER-MAN 1 Marvel Comics 1990 McFarlane SILVER & GREEN Variant NM LOT Of 8Opens in a new window or tab,9999,,899,,
Amazing Spider-Man #23 Ivan Talavera Venom Variant || NMOpens in a new window or tab,500,,500,,
Spider-Man #1 (1990) Lot Of 2 - Silver & Green - Todd McFarlane- Marvel - NOSOpens in a new window or tab,2499,,700,,
Superman / Spider-Man #1 (PRESALE 3/25/26) YOU PICK VARIANT – DC & MarvelOpens in a new window or tab,799,,599,True,
New ListingThe Amazing Spider-Man #68 (Marvel Comics January 1969)Opens in a new window or tab,2499,,577,,
AMAZING SPIDER-MAN 200-300 YOU CHOOSE Marvel comics NM- high grade spiderman CGCOpens in a new window or tab,250,,699,,
Ultimate Spider-Man (2024) #1-15 16 17 18 19 20 21 22 23 24 Marvel COVER SELECTOpens in a new window or tab,488,,695,False,
Amazing Spider-Man #13 Main Cover Pepe LarrazOpens in a new window or tab,1099,,0,True,
ULTIMATE SPIDER-MAN: INCURSION #1 Cvr AOpens in a new window or tab,512,,788,False,
New ListingFantastic Four #35 CGC 9.2  Marvel 1965 1st appearance of Dragon Man!Opens in a new window or tab,70000,,0,,
New ListingCGC 9.8 Spectacular Spider-Man #97 Marvel Comics 1984 White PagesOpens in a new window or tab,12000,,1000,,
Peter Parker The Spectacular SpiderMan #1-95  PICK UR ISSUE  + COMBINED SHIPPINGOpens in a new window or tab,590,,550,,
New ListingAmazing Spider-Man #18 CGC 9.8 Ryan Stegman ASM #100 1971 Homage Marvel 2023Opens in a new window or tab,4999,,1195,False,
New ListingCGC 9.8 Spider-Man 1. Todd McFarlane Most Famous Spidey Cover Art SUPER HOT BOOKOpens in a new window or tab,2999,,1998,,
Spider-man #1 Todd McFarlane Mexican Panini Wraparound Foil 2026 Variant NMOpens in a new window or tab,5999,,599,,
💥 1970s Bronze Age Amazing Spider-Man v 1 # 100 - 200 Pick Choose Comic Lot 💥Opens in a new window or tab,1791,,631,,
"Marvel Comic Book Lot Silver, Bronze and Copper Keys Only (See Description)Opens in a new window or tab",2699,,699,,202
Marvel Comics: Amazing Spider-Man #195-310 Assorted 1979-86   F-VFOpens in a new window or tab,1300,,447,,
Marvel Comics: Amazing Spider-Man#311-349 assorted 1988-91  F-VFOpens in a new window or tab,1300,,447,,
🕸 Spider-Man #1 • 1990 • Direct Ed. • Silver Webs Marvel Comics • NM McFarlaneOpens in a new window or tab,2000,,550,,
Amazing Spider-Man #1 (2015) | 1st Spider-Mobile Mockingbird Prowler | FREE SHIPOpens in a new window or tab,1495,,0,True,
Spider-Man #61  Marvel Comics 1995 VF+Opens in a new window or tab,600,,399,True,
Spider-Man 2 #1 2023 Gamerverse Sony 1st app The Hood  HTF Gemini shippedOpens in a new window or tab,240,,447,,
The Amazing Spider-Man #381 (1993) Marvel Comics 9.4 NM 1st Print Comic BookOpens in a new window or tab,268,,525,True,
Spider-Man #29  MARVEL Comics 1992 VF/NMOpens in a new window or tab,600,,399,True,
🔥🕷 VENOM #26 TYLER KIRKHAM Virgin FOIL Exclusive Variant SPIDER-MANOpens in a new window or tab,2999,,585,,51
Amazing Spider-Man #23A 2026 Stock ImageOpens in a new window or tab,499,,690,False,
Spider-Man #16 Direct Market Edition ~ NEAR MINT NM ~ 1991 Marvel ComicsOpens in a new window or tab,499,,695,False,
Amazing Spider-Man #23 1:100 Bermejo Virgin Variant Actual Scans!Opens in a new window or tab,10999,,,False,
AMAZING SPIDER-MAN #23 - PICK YOUR COVER - DEATH SPIRAL - RAITOS AVAILABLEOpens in a new window or tab,449,,475,,
AMAZING SPIDER-MAN/VENOM: DEATH SPIRAL #1 - PICK UR CVROpens in a new window or tab,512,,475,,
The Amazing Spider-Man #55-189 YOU PICK THE ISSUE!Opens in a new window or tab,590,,550,,
Spider-Man Maximum Carnage Complete Marvel Deluxe TPB NEW RARE 1-14 VenomOpens in a new window or tab,2799,,799,False,
"Large 50 COMICS BOOK LOT-MARVEL, DC, INDIES- FREE/Fast Shipping! VF to NM+ ALLOpens in a new window or tab",4999,,0,False,482
💥 1970s Bronze Age Amazing Spider-Man v 1 # 100 - 200 Pick Choose Comic Lot 💥Opens in a new window or tab,1791,,631,,
"Marvel Comic Book Lot Silver, Bronze and Copper Keys Only (See Description)Opens in a new window or tab",2699,,699,,202
Marvel Comics Spider-Man: Clone Saga Omnibus #2 SEALEDOpens in a new window or tab,4500,,600,,558
Amazing Spider-Man: Spider-Versity #1 **CVR SELECT** PRESALE 04/22Opens in a new window or tab,488,,579,True,
The Amazing Spider-Man #541 (Marvel Comics April 2007) FREE SHIPPINGOpens in a new window or tab,700,,0,,
Spider-Man '94 # 1 2 3 4 5 Animation & #4 E Variant Cover SET Lot 2025-2026Opens in a new window or tab,3499,,795,False,
SPIDER-MAN #1 (MARVEL 1990) 🔥 SILVER VARIANT 🔑 COPPER AGE KEY 🔥 NICE COPY!Opens in a new window or tab,949,,650,,
New ListingAMAZING SPIDER-MAN #1 NM BERMEJO 1:200 RETAILER INCENTIVE VARIANTOpens in a new window or tab,5900,,599,,
New ListingSuperior Spider-Man #8 CGC 9.8 Amazing SM 50 1967 Homage Cover Marvel 2024 ASMOpens in a new window or tab,4999,,1195,False,
Marvel Comics Spider-Man: Ben Reilly Omnibus #2 SEALEDOpens in a new window or tab,4500,,600,,484
"CGG Comic Mystery Pack - 1 CGC + 4 Raw - All High Grade! Marvel, DC, Image Keys!Opens in a new window or tab",5000,,1500,,
New ListingThe Amazing Spider-Man #182 (Marvel Comics July 1978)Opens in a new window or tab,1199,,0,,
New ListingPeter Parker Spider-Man 8 Comic Lot - Issues 46-50 and 53-55 🔑 Key IssuesOpens in a new window or tab,3499,,643,,
New ListingSpider-Boy #2 CGC 9.8 Humberto Ramos Snowboard Variant Cover Marvel 2023 GradedOpens in a new window or tab,4999,,1195,False,
AMAZING SPIDER-MAN #21 - PICK YOUR COVEROpens in a new window or tab,359,,475,,
Amazing Spider-Man Venom Death Spiral 1A 2026 Stock ImageOpens in a new window or tab,619,,690,False,
MARVEL/DC: SPIDER-MAN/SUPERMAN #1 *Dang! So Many Covers*[1:25] Presale 04/15/26Opens in a new window or tab,789,,579,True,
John Romita's Amazing Spider-Man Artist's Edition NEW SEALED Hardcover #VOpens in a new window or tab,3000,,1497,,
New ListingAmazing Spider-Man 341 Near Mint NM Marvel 1990Opens in a new window or tab,1500,,0,,
New ListingAmazing Spider-Man #46 CGC 9.8 Mark Brooks Headshot Variant Cover Marvel 2024 WPOpens in a new window or tab,4999,,1195,False,
Spider-Man #8 Newsstand McFarlane Cover (1990-1998) Marvel ComicsOpens in a new window or tab,1444,,595,False,
"New ListingThe Amazing Spider-Man #103  Kraven , KazarOpens in a new window or tab",1299,,577,,
"New ListingAmazing Spider-Man #165, 166, 167, 168 (Marvel 1977) Nice copies!Opens in a new window or tab",4650,,731,,
AMAZING SPIDER-MAN #24 LEE BERMEJO [DS] (PRESALE 3/18/26)Opens in a new window or tab,499,,599,True,
New ListingAMAZING SPIDER-MAN #23 - ED McGUINNESS MAIN COVER - MARVEL COMICS/2026Opens in a new window or tab,399,,495,,
New ListingAmazing Spider-Man #328 1990 CGC 9.4! Todd McFarlane Cover!Opens in a new window or tab,5999,,799,,
Spider-Man/Superman #1 (PRESALE 4/15/26) YOU PICK VARIANT – Marvel & DCOpens in a new window or tab,799,,599,True,
THE AMAZING SPIDER-MAN #22 - PICK YOUR COVEROpens in a new window or tab,438,,475,,
AMAZING SPIDER-MAN #25 **COVER SELECT** [1:25][1:100] PRE-SALE 03/25/2026Opens in a new window or tab,488,,579,True,
Marvel Comics: Amazing Spider-Man #195-310 Assorted 1979-86   F-VFOpens in a new window or tab,500,,447,,
Marvel Comics: Amazing Spider-Man#311-349 assorted 1988-91  F-VFOpens in a new window or tab,300,,447,,
Shop on eBay,2000,,,,
Shop on eBay,2000,,,,
AMAZING SPIDER-MAN | #302 - 359 | Stan Lee | MARVELOpens in a new window or tab,100,,643,False,
THE WALKING DEAD DELUXE #132 Cover F David Finch Invincible Team-Up VariantOpens in a new window or tab,1499,,599,,
AMAZING SPIDER-MAN #20 (TURINI EXCLUSIVE TODD MCFARLANE SPIDER-MAN #1 HOMAGE)Opens in a new window or tab,1500,,449,True,95
Marvel Comics: Amazing Spider-Man #195-310 Assorted 1979-86   F-VFOpens in a new window or tab,500,,447,,
New ListingAMAZING SPIDER-MAN #147 - MARVEL 1975 - CGC 9.6 - GEWN STACY CLONE APPEARANCEOpens in a new window or tab,22999,,2099,True,
New ListingAmazing Spider-Man #300 CGC 7.5 SS ⭐  2X SIGNED STAN LEE ⭐ 1st Full Venom! 1988Opens in a new window or tab,115000,,0,False,
AMAZING SPIDER-MAN #24 LEE BERMEJO [DS] (PRESALE 3/18/26)Opens in a new window or tab,499,,599,True,
Amazing Spider-Man #23 Iban Coello 9-Part Connecting Variant || NMOpens in a new window or tab,500,,500,,
Spider-Man 2 #1 2023 Gamerverse Sony 1st app The Hood  HTF Gemini shippedOpens in a new window or tab,240,,447,,
AMAZING SPIDER-MAN #13 DC COMICS 2025 LEE BERMEJO VARIANT NMOpens in a new window or tab,599,,399,True,
New ListingThe Amazing Spider-Man #65 Silver Age Escape Impossible! 1968Opens in a new window or tab,2499,,577,,
New ListingGiant-Size Spider-Gwen #1 CGC 9.8 1st App Orlando Octavius Marvel 2024 Cover AOpens in a new window or tab,4999,,1195,False,
Spider-Man/Superman #1 (PRESALE 4/15/26) YOU PICK VARIANT – Marvel & DCOpens in a new window or tab,799,,599,True,
"New ListingThe Amazing Spider-Man, Vol. 6 #36G (2023): Signed Leirix Li Virgin CGC 9.8Opens in a new window or tab",25000,,1000,,
Marvel Comics Spider-Man 2099 Omnibus #2 REGULAR COVER SEALEDOpens in a new window or tab,3800,,600,,231
DC/Marvel: Superman/Spider-Man #1 Jim Lee (PRESALE 03/25/26)Opens in a new window or tab,999,,695,,
"New ListingThe Amazing Spider-Man #206 NM  & 207 VF- (Marvel, 1980)Opens in a new window or tab",1400,,650,,
Superman vs The Amazing Spider-Man #1 Facsimile Edition Cover A InfantinoOpens in a new window or tab,1998,,999,True,
New ListingSpider-Boy #8 CGC 9.8 Skottie Young Big Marvels Cover 1st Puzzle Man Marvel 2024Opens in a new window or tab,4999,,1195,False,
Amazing Spider-man #20 David Nakayama Virgin VariantOpens in a new window or tab,1250,,0,,
THE AMAZING SPIDER-MAN #22 - PICK YOUR COVEROpens in a new window or tab,438,,475,,
🔥🕷️ AMAZING SPIDER-MAN 21 26 29 32 34 & VENOM 27 LOBOS VENOMIZED Set Of 6Opens in a new window or tab,5000,,550,,35
Amazing Spider-Man #70 Young 8 Deaths Of Spider-Man Cover Variant 3/26 MarvelOpens in a new window or tab,577,,599,,
"New ListingAMAZING SPIDER-MAN 61 LOW GRADE SEE DESCRIPTION (1968, MARVEL COMICS)Opens in a new window or tab",2499,,926,,
New ListingSpider-Man #7 CGC 9.8 Alex Ross Timeless Doctor Octopus 1st Spider-Boy 2023Opens in a new window or tab,4999,,1195,False,
SUPERMAN SPIDER-MAN #1 CVR G SUPERMAN BLACK & SPIDER-MAN BLACK - PRESALE 3/25/26Opens in a new window or tab,764,,599,,24
New ListingVenom War Spider-Man #1 CGC 9.8 1st Appearance of Arachniote Marvel 2024 KnullOpens in a new window or tab,5499,,1195,False,
Amazing Spider-Man #23C 2026 Stock ImageOpens in a new window or tab,499,,690,False,
"New ListingUltimate Spider-Man 10 Comic Lot - Issues 24-32, and 40Opens in a new window or tab",2999,,752,,
"New ListingAmazing Spider-Man  #167,188,205,206,213,217,218,222Opens in a new window or tab",3000,,1000,,
💎Spider-Man💎#16 Marvel 1991💎NM+💎9.8+💎UN-READ 💎McFarlane!💎a2Opens in a new window or tab,1044,,589,,
🕸 Spider-Man #1 • 1990 • Direct Ed. • Silver Webs Marvel Comics • NM McFarlaneOpens in a new window or tab,2000,,550,,
New ListingSpider-Boy #5 CGC 9.8 Humberto Ramos Cover A White Pages Graded Marvel 2024 WPOpens in a new window or tab,4999,,1195,False,
New ListingSpectacular Spider-Men #1 CGC 9.8 Miles Morales/Peter Parker Team-Up Marvel 2024Opens in a new window or tab,4999,,1195,False,
New ListingWeb of Spider-Man #1 CGC 9.8 1st Harley Keener from Iron Man 3 Movie Marvel 2021Opens in a new window or tab,4999,,1195,False,
New ListingAmazing Spider-Man #300 German Edition Die Spinne #163 Venom Key WHITE PAGESOpens in a new window or tab,14999,,0,,
AMAZING SPIDER-MAN #25 **COVER SELECT** [1:25][1:100] PRE-SALE 03/25/2026Opens in a new window or tab,488,,579,True,
Amazing Spider-Man/Venom: Death Spiral #1 [DS] CVR A 2/25/26Opens in a new window or tab,693,,599,,55
AMAZING SPIDER-MAN #601 Cover Art 🔥 J SCOTT CAMPBELL Replica Original Art🔥Opens in a new window or tab,2498,,500,False,14
"The Amazing Spider-Man 307 - (1988) Todd McFarlane Art Chameleon Cover, MINT !Opens in a new window or tab",1998,,516,,
AMAZING SPIDER-MAN #24 **COVER SELECT** [1:25][1:100] PRE-SALE 03/18/2026Opens in a new window or tab,488,,579,True,
Amazing Spider-Man 330 Near Mint NM Marvel 1990Opens in a new window or tab,999,,687,False,
Spider-Man 53 CGC 9.8 White Pages 1994 Marvel VenomOpens in a new window or tab,6998,,1343,False,
New ListingVTG Marvel comics group The Amazing Spiderman Vol 1 no. 301 June 1988Opens in a new window or tab,5000,,577,,
"New Listingthe Amazing Spider-Man: ""The Vulture's Prey"" #64 SeptOpens in a new window or tab",3499,,577,,
Amazing Spider-Man Venom Death Spiral #1 1:50 Stonehouse Virgin Var 2026 NM-Opens in a new window or tab,2799,,599,,
New ListingMiles Morales Spider-Man 13 CGC 9.8 1st Cape Killer MoMoKo Nightmare Marvel 2023Opens in a new window or tab,4999,,1195,False,
Amazing Spider-Man #23 Lee Bermejo Amazing Visions Variant [Ds]Opens in a new window or tab,474,,599,True,
New ListingAMAZING SPIDER-MAN #15 (1963) CGC 1.8 * 1st KRAVEN * Steve DitkoOpens in a new window or tab,46000,,1000,,
New ListingSpider-Boy #3 CGC 9.8 Wolverine Amazing Spider-Man 300 1988 Homage Marvel 2024Opens in a new window or tab,4999,,1195,False,
"Spider-Man Wolverine #10 Sandoval Variant (Marvel, 2026) NMOpens in a new window or tab",399,,,False,
AMAZING SPIDER-MAN/VENOM: DEATH SPIRAL #1 **CVR SELECT** NM PRE-SALE 02/25/2026Opens in a new window or tab,589,,579,True,
New ListingSpectacular Spider-Man 2003 lot of 9 issues NMOpens in a new window or tab,3600,,779,,
Amazing Spider-Man #1 Nimit Malavia Black Cat Virgin Variant 1:50Opens in a new window or tab,1000,,599,True,
AMAZING SPIDER-MAN #20 - PICK YOUR COVEROpens in a new window or tab,359,,475,,
DC MARVEL SUPERMAN SPIDER-MAN #1 - CHOOSE YOUR COVERS! PRE-ORDER 3/25 2026 NMOpens in a new window or tab,749,,650,,
Amazing Spider-Man #22 Lee Bermejo Amazing Visions VariantOpens in a new window or tab,499,,599,True,
AMAZING SPIDER-MAN #11 BEN SU VARIANT 1st APPEARANCE SYMBIE & TECHNARACHNID KEYOpens in a new window or tab,2299,,595,,25
DC / MARVEL: SPIDER-MAN / SUPERMAN #1 🔥 BUNDLE COLLECTION - ALL 26 DC VARIANTSOpens in a new window or tab,19800,,1600,True,
Spectacular Spider-Man # 132 NM Marvel Comic Book 5 J439Opens in a new window or tab,1998,,698,False,
Shop on eBay,2000,,,,
Shop on eBay,2000,,,,
Spectacular Spider-Man # 132 NM Marvel Comic Book 5 J439Opens in a new window or tab,1998,,698,False,
AMAZING SPIDER-MAN #55 NM TALAVERA EXCLUSIVE VARIANT~ SILK MARVEL COMICSOpens in a new window or tab,1099,,,False,
New ListingOriginal Sin 1 Bosskong Orignal Art Sketch Covr 1/1  Miles Vs Peter Spider FightOpens in a new window or tab,6000,,1195,,
Amazing Spider-Man/Venom: Death Spiral (2026) #1 Marvel Comics COVER SELECTOpens in a new window or tab,588,,695,False,
AMAZING SPIDER-MAN #11 BEN SU VARIANT 1st APPEARANCE SYMBIE & TECHNARACHNID KEYOpens in a new window or tab,2299,,595,,25
"New ListingAMAZING SPIDER-MAN #31 1965 1st Appearance Gwen Stacy, Harry OsbornOpens in a new window or tab",18000,,1195,,
AMAZING SPIDER-MAN EPIC COLLECTION: ROUND ROBIN TPB [NEW PRINTING]Opens in a new window or tab,1500,,600,,
AMAZING SPIDER-MAN BY J. MICHAEL STRACZYNSKI OMNIBUS VOL. 2 HC DEODATO COVEROpens in a new window or tab,3800,,600,,380
AMAZING SPIDER-MAN #22 - MARK BAGLEY MAIN COVER - MARVEL COMICS/2026Opens in a new window or tab,399,,495,,
✏️ COMIC BOOK  BLANK SKETCH COVER VARIANT ARTIST BLANKS - MIX & MATCHOpens in a new window or tab,288,,690,,
New ListingSpectacular Spider-Men #1 CGC 9.8 Miles Morales/Peter Parker Team-Up Marvel 2024Opens in a new window or tab,4999,,1195,False,
Amazing Spider-Man #354 1991 Marvel Comics VF/NM Comic Book DirectOpens in a new window or tab,299,,,False,
New ListingWeb of Spider-Man #1 CGC 9.8 1st Harley Keener from Iron Man 3 Movie Marvel 2021Opens in a new window or tab,4999,,1195,False,
MARVEL/DC: SPIDER-MAN/SUPERMAN #1 🔥 FULL SET – ALL 20 MARVEL VARIANTSOpens in a new window or tab,17500,,1200,True,
Ultimate Universe (2024) One Year In - Two Years In Marvel Comics COVER SELECTOpens in a new window or tab,588,,695,False,
AMAZING SPIDER-MAN #328 Cover Art 🔥 TODD McFARLANE 11x17 Replica Original Art🔥Opens in a new window or tab,2498,,500,False,15
AMAZING SPIDER-MAN #20 - PICK YOUR COVEROpens in a new window or tab,359,,475,,
"Spider-Man Wolverine #10 Sandoval Variant (Marvel, 2026) NMOpens in a new window or tab",399,,,False,
Miles Morales Spider-man #5 Marco Mastrazzo Virgin VariantOpens in a new window or tab,1300,,0,,
SUPERGIRL #1 NATALI SANDERS EXCL MICHAEL TURNER HOMAGE VARIANT LTD 1000 SUPERMANOpens in a new window or tab,5499,,745,,
Amazing Spider-Man #23 Lee Bermejo Amazing Visions Variant [Ds]Opens in a new window or tab,474,,599,True,
AMAZING SPIDER-MAN #12 MARVEL COMICS 2025 LEE BERMEJO AMAZING VISIONS VARIANT NMOpens in a new window or tab,499,,399,True,
New ListingAMAZING SPIDER-MAN #23 - MIKE McKONE DR. DOOM HOMAGE VARIANT COVER - MARVEL/2026Opens in a new window or tab,399,,495,,
Amazing Spider-Man #1 2025 | Cvr A | NM🔑Opens in a new window or tab,599,,699,False,
New ListingSpider-Boy #5 CGC 9.8 Humberto Ramos Cover A White Pages Graded Marvel 2024 WPOpens in a new window or tab,4999,,1195,False,
New ListingMiles Morales Spider-Man 13 CGC 9.8 1st Cape Killer MoMoKo Nightmare Marvel 2023Opens in a new window or tab,4999,,1195,False,
Amazing Spider-man #211 213 214 215 All Newstand! Bronze Age MarvelOpens in a new window or tab,1995,,795,,
New ListingAmazing SPIDER-MAN #1 All Detergent Giveaway Marvel comic 1979 VERY FINE- originOpens in a new window or tab,1249,,695,,
Disney 100 What If Marvel Comics Variant Lot (20) Amazing Spider-man Complete NMOpens in a new window or tab,9025,,799,,7
Spider-Man Unlimited #1 Maximum Carnage CGC Qualified 9.4 Ron Lim AutoOpens in a new window or tab,8995,,550,False,
AMAZING SPIDER-MAN #23 (TIAGO DA SILVA EXCLUSIVE SILK VARIANT) COMIC ~ MarvelOpens in a new window or tab,1500,,449,True,50
Amazing Spider-Man #23 Ivan Talavera Venom (03/04/26)Opens in a new window or tab,499,,695,,
New ListingAMAZING SPIDERMAN #157 Marvel Doctor Octopus 1976 Newsstand Higher GradeOpens in a new window or tab,3795,,625,,
AMAZING SPIDER-MAN #28 (PRESALE 05/06/2026) You Pick VariantOpens in a new window or tab,499,,599,True,
Amazing Spider-Man #355 1991 Marvel Comics VF/NM Comic Book DirectOpens in a new window or tab,399,,,False,
"New ListingAmazing Spider-Man #155, 163, 164, 165 (Marvel Comics 1976-1977)Opens in a new window or tab",4200,,731,,
"New ListingAmazing Spider-Man #187 (Marvel, 1987) NM- ELECTRO Jim Starlin CAPTAIN AMERICAOpens in a new window or tab",2600,,600,,
🟣DC Marvel Superman Spider-Man #1 One-shot Presale 3/25/26Opens in a new window or tab,899,,643,,
"Mystery Comic Book Lot (50 Comics) Unbagged and boarded-Marvel, DC NM+Opens in a new window or tab",5000,,500,,
AMAZING SPIDER-MAN/VENOM: DEATH SPIRAL - BODY COUNT #1 (PRESALE 05/13/2026) YouOpens in a new window or tab,499,,599,True,
Amazing Spider-Man #22A 2026 Stock ImageOpens in a new window or tab,499,,690,False,
Amazing Spider-Man #112 (1972) 2.5 Est.  Marvel Bronze Age Spider-ManOpens in a new window or tab,1495,,795,,
AMAZING SPIDER-MAN #252 FACSIMILE EDITION (KAARE ANDREWS EXCLUSIVE) ~ MarvelOpens in a new window or tab,1500,,750,,
Amazing Spider-Man #1 Nimit Malavia Black Cat Virgin Variant 1:50Opens in a new window or tab,1000,,599,True,
The Amazing Spider-Man #22 Marvel Comics 2026 1st Print Amazing Visions CoverOpens in a new window or tab,449,,699,,
Amazing Spider-Man #22 David Nakayama Color Block Red Variant || NMOpens in a new window or tab,500,,500,,
(CGD) COMICS GIVEAWAY DAY 2026 MARVEL/BOOM SIKTC  *COVER SELECT* PRE-SALE 05/02Opens in a new window or tab,259,,579,True,
ULTIMATE SPIDER-MAN #24 **COVER SELECT**[1:25](Date Moved) PRE-SALE 02/18Opens in a new window or tab,649,,579,True,
New ListingAMAZING SPIDER-MAN #150 MARVEL 1975 CLONE SAGA LOWER GRADEOpens in a new window or tab,1800,,575,,
New ListingThe Amazing Spider-Man #393 394 395 396 397 Run Lot Set Of 5 F/VF  - MarvelOpens in a new window or tab,1750,,795,,
Amazing Spider-Man/Venom: Death Spiral #1 [Ds]Opens in a new window or tab,599,,600,,
DC Marvel Superman Spider-Man #1 CVR A Jorge Jimenez Pre Order 3/25/26 DC ComicsOpens in a new window or tab,893,,599,,63
New ListingRed Goblin #1 CGC 9.8 White Pages InHyuk Lee Cover A Marvel 2023 Spider-ManOpens in a new window or tab,4999,,1195,False,
New ListingAmazing Spider-Man #10 J. Scott Campbell Variant Marvel 2018 NM plusOpens in a new window or tab,1500,,545,,
New ListingSpider-Boy #3 CGC 9.8 Wolverine Amazing Spider-Man 300 1988 Homage Marvel 2024Opens in a new window or tab,4999,,1195,False,
New ListingAmazing Spider-Man #23 1:25 Incentive Taurin Clarke Variant || NMOpens in a new window or tab,2500,,599,,
AMAZING SPIDER-MAN #9 J. SCOTT CAMPBELL JUST SPECTACULAR  VARIANT 2025 NMOpens in a new window or tab,599,,695,False,115
New ListingAmazing Spider-Man #300 Nyce Homage CGC 9.8Opens in a new window or tab,4499,,1599,,
Spider-Man #1 McFarlane - Gold Edition Turkish International (Limited to 500)Opens in a new window or tab,1995,,2500,,75
AMAZING SPIDER-MAN #42 (EJIKURE EXCLUSIVE BEACH VIRGIN VARIANT) COMIC ~ MarvelOpens in a new window or tab,3000,,449,True,
Shop on eBay,2000,,,,
Shop on eBay,2000,,,,
Amazing Spider-Man #23 Ivan Talavera Venom (03/04/26)Opens in a new window or tab,499,,695,,
"Mystery Comic Book Lot (50 Comics) Unbagged and boarded-Marvel, DC NM+Opens in a new window or tab",5000,,500,,
AMAZING SPIDER-MAN/VENOM: DEATH SPIRAL - BODY COUNT #1 (PRESALE 05/13/2026) YouOpens in a new window or tab,499,,599,True,
Spider-Man #1 McFarlane - Gold Edition Turkish International (Limited to 500)Opens in a new window or tab,1995,,2500,,75
Amazing Spider-Man #355 1991 Marvel Comics VF/NM Comic Book DirectOpens in a new window or tab,399,,,False,
New ListingAmazing Spider-Man #300 Nyce Homage CGC 9.8Opens in a new window or tab,4499,,1599,,
New ListingAmazing Spider-Man #68 CGC 9.8 Patrick Gleason Cover A Marvel 2025 1st PrintingOpens in a new window or tab,4999,,1195,False,
Ultimate Spider-Man #12 (2024)Opens in a new window or tab,499,,599,True,144
🟣DC Marvel Superman Spider-Man #1 One-shot Presale 3/25/26Opens in a new window or tab,899,,643,,
🔥  ULTIMATE SPIDER-MAN 24 (2026 '26) 🔥  1:100 CHECCHETTO VARIANT NMOpens in a new window or tab,6695,,699,,
Amazing Spider-Man 339 Near Mint NM Marvel 1990Opens in a new window or tab,999,,687,False,
SPIDER-MAN '94 #5 - PICK YOUR COVEROpens in a new window or tab,279,,475,,
New ListingAMAZING SPIDERMAN #157 Marvel Doctor Octopus 1976 Newsstand Higher GradeOpens in a new window or tab,3795,,625,,
AMAZING SPIDER-MAN #42 (EJIKURE EXCLUSIVE BEACH VIRGIN VARIANT) COMIC ~ MarvelOpens in a new window or tab,3000,,449,True,
Amazing Spider-Man (1965) # 23 (CGC 6.5 OWP) 3rd Green Goblin • Stan Lee • DitkoOpens in a new window or tab,47640,,1466,True,
SECRET WARS #1 LEGACY EXCLUSIVE Edition Variant Spider-Man 1st Print McKone Hot!Opens in a new window or tab,3999,,0,,93
New ListingAmazing Spider-Man #52 1988 300 Homage Green Goblin Cover A CGC 9.8 Marvel 2024Opens in a new window or tab,5499,,1195,False,
MARVEL KNIGHTS: SPIDER-MAN (2004) #1-22 FULL RUN *YOU PICK-COMBINE SHIP*Opens in a new window or tab,499,,,False,
New ListingAmazing Spider-Man #23 1:25 Incentive Taurin Clarke Variant || NMOpens in a new window or tab,2500,,599,,
DC MARVEL SUPERMAN SPIDER-MAN #1 *Dang! So Many Covers* Presale 03/25/26Opens in a new window or tab,889,,579,True,
New ListingAmazing Spider-Man #51 CGC 9.8 Skottie Young Big Marvel Variant Cover 2024 WPOpens in a new window or tab,4999,,1195,False,
DC Marvel Superman Spider-Man #1 CVR G Dell Otto Variant Pre Order 3/25/26 DCOpens in a new window or tab,997,,599,,46
New ListingSpider-Man Shadow of the Green Goblin 1 CGC 9.8 Cover A Proto Goblin Marvel 2024Opens in a new window or tab,4999,,1195,False,
Spider-Man Blue Complete Marvel Knights Set 2002 Jeph Loeb & Tim Sale Gwen MJOpens in a new window or tab,5624,,799,False,
New ListingAmazing Spider-Man #10 J. Scott Campbell Variant Marvel 2018 NM plusOpens in a new window or tab,1500,,545,,
Amazing Spider-Man #22 Lee Bermejo Amazing Visions Variant || NMOpens in a new window or tab,500,,500,,
New ListingSpider-Boy #1 CGC 9.8 2nd Print 1st Hellifino JTC Web Negative Space Marvel 2023Opens in a new window or tab,4999,,1195,False,
Spider-Man '94 #5Opens in a new window or tab,399,,599,True,
AMAZING SPIDER-MAN #53 DERRICK CHEW EXCLUSIVE VARIANT 2024 MARVEL NMOpens in a new window or tab,799,,549,,
Ultimate Spider-Man #1 1st Appearance Ultimate Spider-Man KB Toys Variant 2001Opens in a new window or tab,3000,,1195,,
1776 #1 EXCLUSIVE PABLO LOBOS VILLALOBOS 616 COMICS VIRGIN FOILOpens in a new window or tab,2200,,675,False,
Marvel Comic June 1962 Spider Man Omnibus Marvel Hardcover Graphic Novel SEALEDOpens in a new window or tab,2000,,600,,86
😜 SKOTTIE YOUNG  MARVEL VARIANTS - MIX & MATCHOpens in a new window or tab,298,,690,,
New ListingAll New-Venom #7 CGC 9.8 Baldeon Spider-Man Wedding Cover Homage Marvel 2025Opens in a new window or tab,4999,,1195,False,
New ListingAmazing Spider-Man #51 CGC 9.8 Disney 100 X-Men 130 1980 Homage Cvr Marvel 2024Opens in a new window or tab,5499,,1195,False,
New ListingThe Amazing Spider-Man #393 394 395 396 397 Run Lot Set Of 5 F/VF  - MarvelOpens in a new window or tab,1750,,795,,
AMAZING SPIDER-MAN #19 LEE BERMEJO AMAZING VISIONS VARIANT (MARVEL COMICS 2025)Opens in a new window or tab,499,,,,
AMAZING SPIDER-MAN #1 - JOHN TYLER CHRISTOPHER TRADE VARIANT C2E2 +COA NM+Opens in a new window or tab,1499,,599,,
🔥🕷️ AMAZING SPIDER-MAN VENOM DEATH SPIRAL 1 KIRKHAM Virgin Variant C LTD 1000Opens in a new window or tab,2999,,585,,9
🔥🕷️ AMAZING SPIDER-MAN VENOM DEATH SPIRAL 1 STONEHOUSE 1:50 Virgin VariantOpens in a new window or tab,2499,,585,,21
Amazing Spider-Man No. 300 Facsimile Edition Black Suit Venom VariantOpens in a new window or tab,2495,,746,,
PREDATOR VS SPIDER-MAN #1 Paulo Siqueira 1:100 Virgin Variant NMOpens in a new window or tab,6000,,0,False,
AMAZING SPIDER-MAN #1 Cover A 1st Print  MARVEL  2022 NM-Opens in a new window or tab,524,,649,True,
Amazing Spider-Man #23 [Ds]Opens in a new window or tab,474,,599,True,
Amazing Spider-Man / Venom Death Spiral #1 Iban Coello Connecting Variant NMOpens in a new window or tab,600,,500,,
Amazing Spider-Man #23Opens in a new window or tab,399,,537,True,
Spider-Man & Wolverine #2 (Marvel Comics 2025) Main Cover NM - NewOpens in a new window or tab,399,,499,True,33
Superior Spider-Man Returns Omnibus MARK BAGLEY REGULAR COVER Marvel Comics HCOpens in a new window or tab,7495,,1000,,
Amazing Spider-Man #22 Lee Bermejo Amazing Visions Variant (NM)Opens in a new window or tab,474,,679,False,
VINTAGE AMAZING SPIDER-MAN #365 MINT NEW  MARVEL COMIC               GAROpens in a new window or tab,1199,,0,,
New ListingMarvel House of M Spider-Man Fantastic Four No More Mutants Wolverine 3 HCOpens in a new window or tab,9999,,0,,
New ListingTHE AMAZING SPIDER-MAN #678 1:50 QUINONES MEXICAN FOIL VARIANT LTD 1000Opens in a new window or tab,4200,,609,,
The Amazing Spider-Man #22 Marvel Comics 2026 1st Print Amazing Visions CoverOpens in a new window or tab,449,,699,,
New ListingSpider-Man '94 #1 CGC 9.8 Cover A Based on 1994 Animated Series Marvel 2025Opens in a new window or tab,5499,,1195,False,
Miles Morales Spider-Man #1 Zu Orzu TFAW Exclusive Virgin Variant Marvel (2022)Opens in a new window or tab,750,,500,,
New ListingAmazing Spider-Man #14 CGC 9.8 1st App of Hallows Eve Marvel 2022 Design VariantOpens in a new window or tab,8499,,1195,False,
"New ListingMarvel Comics Spider-Man, Spectacular Spider-Man Lot of 7 Books See Description.Opens in a new window or tab",3900,,0,,
Amazing Spider-Man #337 CGC 9.8  Sinister Six (1990)Opens in a new window or tab,7998,,1499,,
AMAZING SPIDER-MAN #33 (JUNGGEUN YOON EXCLUSIVE ASM #300 HOMAGE VARIANT) COMICOpens in a new window or tab,1500,,449,True,88
Spider-Man Magazine #5 Newsstand Cover Marvel ComicsOpens in a new window or tab,764,,595,False,
Shop on eBay,2000,,,,
Shop on eBay,2000,,,,
AMAZING SPIDER-MAN #20 NAKAYAMA C2E2 EXCLUSIVE SPIDER-GWEN VIRGIN VARIANT NMOpens in a new window or tab,999,,549,False,
AMAZING SPIDER-MAN #363 NM VOL. 1 HIGH GRADE Never Read MARVEL From Distro PackOpens in a new window or tab,1049,,500,,9
Amazing Spider-Man #23 Lee Bermejo Amazing Visions (03/04/26)Opens in a new window or tab,599,,695,,
Spider-Man '94 (2025) #1 2 3 4 5 Marvel Comics COVER SELECTOpens in a new window or tab,388,,695,False,
Amazing Spider-Man #22 Lee Bermejo Amazing Visions Variant (NM)Opens in a new window or tab,474,,679,False,
New ListingThe Amazing Spider-Man #333Opens in a new window or tab,999,,564,,
New ListingSpider-Man Shadow of the Green Goblin 1 CGC 9.8 Cover A Proto Goblin Marvel 2024Opens in a new window or tab,4999,,1195,False,
Amazing Spider-Man #1 (2025) Main Cover Pepe LarrazOpens in a new window or tab,599,,599,True,
PREDATOR VS SPIDER-MAN #1 Paulo Siqueira 1:100 Virgin Variant NMOpens in a new window or tab,6000,,0,False,
AMAZING SPIDER-MAN #374 1993 Marvel 9.0 Mark Bagley Cover Art VenomOpens in a new window or tab,559,,699,False,
Amazing Spider-Man 11 12 13 14 15 16 17 Complete Comic Lot Run Set Marvel KellyOpens in a new window or tab,7998,,0,False,
Amazing Spider-Man #22 McFarlane Toys Variant NM (2/18/2026)Opens in a new window or tab,499,,695,False,
Marvel Masterpieces Collection #1 Spider-Man Joe Jusko (1993)Opens in a new window or tab,449,,577,,
DC/Marvel: Superman/Spider-Man #1 Gabriele Dell'Otto (PRESALE 03/25/26)Opens in a new window or tab,899,,695,,55
AMAZING SPIDER-MAN 1 GABRIELE DELLOTTO EXCLUSIVE VIRGIN VARIANT SET LTD 800 COAOpens in a new window or tab,1998,,599,,78
EXQUISITE CORPSES 9 Mazzara Exclusive Amazing Spider-Man 129 Homage Sold OutOpens in a new window or tab,2999,,643,,
Amazing Spider-Man #15 Lee Bermejo Amazing Visions Variant 11/5 MarvelOpens in a new window or tab,493,,599,,22
New ListingMarvel Comics Spectacular Spider-Man Lot of 21 Comic BooksOpens in a new window or tab,12300,,0,,
Amazing Spider-Man / Venom Death Spiral #1 Iban Coello Connecting Variant NMOpens in a new window or tab,600,,500,,
MARVEL KNIGHTS: SPIDER-MAN (2004) #1-22 FULL RUN *YOU PICK-COMBINE SHIP*Opens in a new window or tab,499,,,False,
"Amazing Spiderman 200-299! U Pick! D, NSV, MJV!! Restock! Pricing Update! Dec24'Opens in a new window or tab",500,,597,,
Amazing Spider-Man #1 (2025) 1:200 Lee Bermejo Virgin VariantOpens in a new window or tab,9999,,894,,
New ListingKid Venom #1 CGC 9.8 1st App Minimoto + Samurai Corps InHyuk Lee Variant 2024 WPOpens in a new window or tab,4999,,1195,False,
New ListingSpider-Man '94 #1 CGC 9.8 Cover A Based on 1994 Animated Series Marvel 2025Opens in a new window or tab,5499,,1195,False,
New ListingAmazing Spider-Man #51 CGC 9.8 Skottie Young Big Marvel Variant Cover 2024 WPOpens in a new window or tab,4999,,1195,False,
New ListingMarvel House of M Spider-Man Fantastic Four No More Mutants Wolverine 3 HCOpens in a new window or tab,9999,,0,,
Amazing Spider-Man #161 162 Set - Punisher & Nightcrawler  1st Jigsaw! 🔑  👀Opens in a new window or tab,4095,,795,,
New ListingAmazing Spider-Man #68 CGC 9.8 Patrick Gleason Cover A Marvel 2025 1st PrintingOpens in a new window or tab,4999,,1195,False,
Amazing Spider-Man Omnibus Volume 5 DM Gil Kane Cover BRAND NEW SEALED 880 PagesOpens in a new window or tab,6988,,0,False,17
Amazing Spider-Man #1 (2015) | 1st Spider-Mobile Mockingbird Prowler | FREE SHIPOpens in a new window or tab,1495,,0,False,
Amazing Spider-man #1 main wraparound cover A 1st first print 2025 LGY 965Opens in a new window or tab,994,,650,,
New Listingmarvel comics spider-man #11 perceptions wolverine wendigo vintage comic 1991Opens in a new window or tab,2299,,577,,
New ListingAmazing Spider-Man #52 1988 300 Homage Green Goblin Cover A CGC 9.8 Marvel 2024Opens in a new window or tab,5499,,1195,False,
New ListingAmazing Spider-Man #367 368 369 370 371 372 373 Straight Run Lot Of 7 MarvelOpens in a new window or tab,2500,,1015,,
The Amazing Spider-Man #18 Marvel Comics 2025 1st Amazing Visions Print CoverOpens in a new window or tab,449,,699,,7
New ListingAmazing Spider-Man #51 CGC 9.8 Disney 100 X-Men 130 1980 Homage Cvr Marvel 2024Opens in a new window or tab,5499,,1195,False,
Amazing Spider-Man #23Opens in a new window or tab,399,,537,True,
CGC 9.8 DC Marvel Superman Spider-Man #1 Jim Lee Variant Cover B PRESALE 3/25/26Opens in a new window or tab,6395,,0,,40
🔥🇺🇸 1776 #1 PABLO LOBOS VILLALOBOS 616 COMICS Trade Dress A Variant LTD 3000Opens in a new window or tab,700,,777,,13
Amazing Spider-Man #24 (PRESALE 03/18/26)Opens in a new window or tab,499,,695,,
Amazing Spider-Man #23 [Ds]Opens in a new window or tab,474,,599,True,
New ListingSPECTACULAR SPIDER-MAN #1  TARANTULA APPEARANCE MARVEL COMICS 1976Opens in a new window or tab,5000,,926,,
MAJOR Amazing Spider-Man #1 Exclusive Variant Salvador Larroca WWE MATT CARDONAOpens in a new window or tab,2395,,0,,
New ListingAmazing Spider-Man Venom Death Spiral #1 1:50 Stonehouse Carnage Virgin VariantOpens in a new window or tab,2399,,649,,
Symbiote Spider-Man Omnibus DM VARIANT COVER Marvel Comics HC NewOpens in a new window or tab,6495,,1000,,17
Amazing Spider-Man #23 Mike McKone Doom Homage Variant [Ds] (NM)Opens in a new window or tab,474,,679,False,
Ultimate Spider-Man comics select an issue FREE SHIPPINGOpens in a new window or tab,999,,0,,
Venom 35 200 Marvel Kael Ngu Spider-Man Basketball Trade Virgin Set VariantOpens in a new window or tab,6500,,850,,109
The Amazing Spider-Man #3 InHyuk Lee Variant Cover Set Marvel Comics 2022Opens in a new window or tab,2474,,447,,
AMAZING SPIDER-MAN 2026 ANNAUL #1 - PICK YOUR COVEROpens in a new window or tab,359,,475,,
Ultimate Spider-Man #24 Elizabeth Torque Variant Cover 2/18/26 MarvelOpens in a new window or tab,697,,599,,
New ListingAmazing Spider-Man #263 264 265 -1st Silver Sable 1st Normie Osbourne- 2 🔑 🔥Opens in a new window or tab,2995,,1015,,
SPIDER-MAN 30TH ANNIVERSARY MARVEL HOLOGRAM COMICS 189 90 26 W/POSTER 1992 VF/NMOpens in a new window or tab,1500,,1195,,
New ListingThe Silver Surfer #14 (Marvel Comics March 1970)Opens in a new window or tab,9000,,0,,
"New ListingAmazing Spider-Man #336, 337 Lot Of 2Opens in a new window or tab",999,,603,,
Amazing Spider-Man 414 Cgc 9.8 Marvel 1996Opens in a new window or tab,8999,,1343,False,
SPAWN 300 J AMAZING SPIDERMAN HOMAGE PARODY VARIANT TODD McFARLANE NMOpens in a new window or tab,3499,,800,,734
New ListingMARVEL TEAM-UP #28 U.K. Price Variant CGC 9.6 White Pages *Rare! 1 of 1* 1974Opens in a new window or tab,15900,,1500,,
SPIDER-MAN & WOLVERINE #2 (KAARE ANDREWS MAIN COVER)(2025) COMIC BOOK ~ MARVELOpens in a new window or tab,1798,,599,True,6
DC MARVEL SUPERMAN SPIDER-MAN #1 (ONE SHOT)Opens in a new window or tab,799,,599,True,
Shop on eBay,2000,,,,
Shop on eBay,2000,,,,
"SPIDER-MAN #1 Iconic Cover Art by TODD McFARLANE on 11""x17"" Limited Print 🔥Opens in a new window or tab",2498,,500,False,29
"New ListingAmazing Spider-Man #336, 337 Lot Of 2Opens in a new window or tab",999,,603,,
Amazing Spider-Man 414 Cgc 9.8 Marvel 1996Opens in a new window or tab,8999,,1343,False,
Ultimate Spider-Man comics select an issue FREE SHIPPINGOpens in a new window or tab,999,,0,,
New ListingThe Amazing Spider-Man #330 (Marvel Comics March 1990)Opens in a new window or tab,999,,603,,
"New ListingAmazing Spider-Man #170 - Doctor Faust Appearance (Marvel, 1977)Opens in a new window or tab",1199,,0,,
New ListingSPECTACULAR SPIDER-MAN #1  TARANTULA APPEARANCE MARVEL COMICS 1976Opens in a new window or tab,5000,,926,,
New ListingSpine-Tingling Spider-Man #1 CGC 9.8 Juan Ferreyra Cover A Marvel 2023Opens in a new window or tab,4999,,1195,False,
Amazing Spider-Man #23 Ivan Talavera Venom Variant [Ds] (NM)Opens in a new window or tab,474,,679,False,
Amazing Spider-Man #22 Lee Bermejo Amazing Visions Variant (NM)Opens in a new window or tab,474,,679,False,
New ListingEdge of Spider-Verse #3 CGC 9.8 1st Star-Spider Tony Daniel Variant Marvel 2024Opens in a new window or tab,4999,,1195,False,
The Amazing Spider-Man #3 InHyuk Lee Variant Cover Set Marvel Comics 2022Opens in a new window or tab,2474,,447,,
New ListingMARVEL TEAM-UP #25 CGC 9.6 White Pages Spider-Man + Daredevil 1974Opens in a new window or tab,19900,,1500,,
DC MARVEL SUPERMAN SPIDER-MAN #1 (ONE SHOT)Opens in a new window or tab,799,,599,True,
The Amazing Spider-Man #367 Newsstand Cover MarvelOpens in a new window or tab,509,,595,False,
Spider-Man #1 McFarlane Turkish Variants (Set of 3)Opens in a new window or tab,4995,,2900,,42
New ListingSpider-Man Spider-Verse OHC Hardcover HCOpens in a new window or tab,5500,,800,,
Ultimate Spider-Man #24 Marco Checchetto Main (02/18/26)Opens in a new window or tab,599,,695,,59
Amazing Spider-man #27 Nathan Szerdy Virgin VariantOpens in a new window or tab,1200,,0,,
New ListingAmazing Spider-Man #52 CGC 9.8 Skottie Young Big Marvels Spider-Punk Marvel 2024Opens in a new window or tab,4999,,1195,False,
Amazing Spider-Man #23 Ivan Talavera Venom Variant [DS] 3/4/26 Marvel ComicsOpens in a new window or tab,598,,599,,
Amazing Spider-Man #161 162 Set - Punisher & Nightcrawler  1st Jigsaw! 🔑  👀Opens in a new window or tab,4095,,795,,
SPIDER-MAN 30TH ANNIVERSARY MARVEL HOLOGRAM COMICS 189 90 26 W/POSTER 1992 VF/NMOpens in a new window or tab,1500,,1195,,
100 Bulk Comics Vintage All 80’s-90’s no dupes Lot Dc/ Marvel/ indie  Ships FastOpens in a new window or tab,4995,,1495,,
Predator vs Spider-Man #1 2nd Print 1:25 Ryan Brown Virgin Variant 2025 NM+Opens in a new window or tab,3495,,695,,
DC MARVEL SUPERMAN SPIDER-MAN #1 *COVER SELECT* Presale 03/25/26Opens in a new window or tab,799,,579,,
AMAZING SPIDER-MAN #1 Cover A 1st Print  MARVEL  2022 NM-Opens in a new window or tab,524,,649,True,
New ListingSpectacular Spider-Men #1 CGC 9.8 Dike Ruan Variant Miles Morales Marvel 2024 WPOpens in a new window or tab,4999,,1195,False,
"Amazing Grab Bag Comic Bundle - Spider-Man 1, Superman, Fantasy, X-men, AvengersOpens in a new window or tab",2272,,2207,,265
New ListingVintage Marvel Team-Up Spider-Man  Comic Book Lot Of 8Opens in a new window or tab,2499,,500,True,
Amazing Spider-Man #1 (2025) Main Cover Pepe LarrazOpens in a new window or tab,599,,599,True,
Amazing Spider-Man #3 Unknown Comics Kaare Andrews Exclusive Var (05/07/2025)Opens in a new window or tab,1000,,607,,
ULTIMATE ENDGAME #1 (MARVEL) TRUE BELIEVERS BLIND BAG- LOT OF 10 ***  READ ***Opens in a new window or tab,2995,,999,,11
Amazing Spider-Man/Venom: Death Spiral #1 Alpha Exclusives Junggeun Yoon VariantOpens in a new window or tab,1499,,0,,
New ListingAll-New Venom #6 CGC 9.8 Amazing Spider-Man 300 Impossible Homage Marvel 2025Opens in a new window or tab,5499,,1195,False,
New ListingSpider-Man #25 Vol. 1 | Marvel Comics 1992Opens in a new window or tab,999,,199,True,
Amazing Spider-Man 339 Near Mint NM Marvel 1990Opens in a new window or tab,999,,687,False,
New ListingThe Amazing Spider-Man #303 (Marvel Comics August 1988)Opens in a new window or tab,999,,527,,
SPECTACULAR SPIDER-MAN: BRAND NEW DAY #1 (PRESALE 5/13/26)Opens in a new window or tab,499,,599,True,
Amazing Spider-Man: Torn (2025) #1 2 3 4 5 Marvel Comics COVER SELECTOpens in a new window or tab,388,,695,False,
SPIDER-PUNK #1 KAARE ANDREWS VARIANT (NM) 2024 MARVEL -SPIDER-MAN SPIDER-VERSEOpens in a new window or tab,500,,695,True,8
Amazing Spider-Man #22 McFarlane Toys Variant NM (2/18/2026)Opens in a new window or tab,499,,695,False,
MAJOR Amazing Spider-Man #1 Exclusive Variant Salvador Larroca WWE MATT CARDONAOpens in a new window or tab,2395,,0,,
Amazing Spider-Man Facsimile Edition #300A NM 2023 Stock ImageOpens in a new window or tab,420,,690,False,
"Jeph Loeb & Tim Sale: Spider-Man - Paperback, by Loeb Jeph - New hOpens in a new window or tab",1392,,0,False,11
Miles Morales Spider-Man #1 Zu Orzu TFAW Exclusive Virgin Variant Marvel (2022)Opens in a new window or tab,750,,500,,
Marvel Comics The Spectacular Spider-Man #1-213 All Newsstand  PICK /YOUR CHOICEOpens in a new window or tab,119,,499,False,
Spider-Man (1990) * YOU PICK * Marvel ComicsOpens in a new window or tab,1000,,500,True,
Spider-Man And Wolverine #3 Marvel Comics 1st Print Cover A 2025 NMOpens in a new window or tab,399,,499,False,37
Ultimate Spider-Man #17 Ivan talavera virgin variant 1:100 Marvel Comics NM+Opens in a new window or tab,4495,,695,,
DC And Marvel Present Superman And Spider-Man (Marvel Treasury Edition #28) #1 FOpens in a new window or tab,1709,,679,False,
Amazing Spider-Man #1 2022 Signed Mark Bagley Cover Marvel Comics EB200Opens in a new window or tab,1998,,650,,
Amazing Spider-Man #22 McFarlane Toys Variant 2/18/26 Marvel ComicsOpens in a new window or tab,498,,599,,16
New ListingAMAZING SPIDER-MAN #9 (1963) PGX 3.0 * 1st ELECTRO * U.K. editionOpens in a new window or tab,69000,,1000,,
Amazing Spider-Man #23 Mike McKone Doom Homage Variant [Ds] (NM)Opens in a new window or tab,474,,679,False,
⏰  ALEX ROSS TIMELESS MARVEL VIRGIN VARIANTS - MIX & MATCHOpens in a new window or tab,398,,690,,
New ListingAmazing Spider-Man 329Opens in a new window or tab,799,,564,,
Amazing Spider-Man (2025) #18 (#982) NM John Romita Jr. CoverOpens in a new window or tab,399,,599,,
Marvel Universe Connecting Cover Variant Set Chris Giarrusso FULL SET 15 ComicsOpens in a new window or tab,6998,,999,True,
New ListingVenom: Agent Venom TPB Bundle RARE & OUT OF PRINTOpens in a new window or tab,9000,,600,,
Shop on eBay,2000,,,,
Shop on eBay,2000,,,,
New ListingVenom: Agent Venom TPB Bundle RARE & OUT OF PRINTOpens in a new window or tab,9000,,600,,
The Amazing Spider-Man #18 Marvel Comics 2025 1st Amazing Visions Print CoverOpens in a new window or tab,449,,699,,7
New ListingAmazing Spider-Man #263 264 265 -1st Silver Sable 1st Normie Osbourne- 2 🔑 🔥Opens in a new window or tab,2995,,1015,,
Amazing Spider-Man #63 Kaare Andrews Connecting Exclusive Variant NMOpens in a new window or tab,599,,695,False,
New ListingMarvel Amazing Spider-man You Name It This One's Got It 49 Jun Comic BookOpens in a new window or tab,1998,,832,,
The Amazing Spider-Man 2022 series select a  comic FREE SHIPPINGOpens in a new window or tab,999,,0,,
"SPIDER-MAN NOIR #2, PICK YOUR COVEROpens in a new window or tab",359,,475,,
New ListingAMAZING SPIDER-MAN  #344 1991 CBCS 9.6! 1st. App. Of Cletus Kasady Later CARNAGEOpens in a new window or tab,5999,,799,,
New ListingSuperior Spider-Man #7 CGC 9.8 Bagley Cover A Marvel 2024 Spider-Boy Symbiote WPOpens in a new window or tab,4999,,1195,False,
New ListingGiant-Size Hulk #1 CGC 9.8 1st Appearance of Patchwork Jack Marvel 2024 Cover AOpens in a new window or tab,4999,,1195,False,
New ListingThe Amazing Spider-Man #303 (Marvel Comics August 1988)Opens in a new window or tab,999,,527,,
New ListingSpider-Man Spider-Verse OHC Hardcover HCOpens in a new window or tab,5500,,800,,
New ListingSpectacular Spider-Man #1 PSA 9.6 Tarantula Appearance Marvel Comics 1976Opens in a new window or tab,12999,,1995,False,
AMAZING SPIDER-MAN #8Opens in a new window or tab,499,,532,,
Amazing Spider-Man Venom Death Spiral #1 Tyler Kirkham Cover (A) Marvel PRESALEOpens in a new window or tab,1998,,447,,
Marvel Comics What If? Marvel Series Omnibus Volume 2 Layton DM SEALEDOpens in a new window or tab,3000,,600,,177
John Romita's The Amazing Spider-Man Artisan Edition Paperback BRAND NEW #VOpens in a new window or tab,1500,,,,
Marvel Comics The Spectacular Spider-Man #1-213 All Newsstand  PICK /YOUR CHOICEOpens in a new window or tab,119,,499,False,
Amazing Spider-Man #1 2022 Signed Mark Bagley Cover Marvel Comics EB200Opens in a new window or tab,1998,,650,,
100 Bulk Comics Vintage All 80’s-90’s no dupes Lot Dc/ Marvel/ indie  Ships FastOpens in a new window or tab,4995,,1495,,
"New Listing🔑💎🔥  SPIDER-MAN #18 CGC 9.8, 1991 Ghost Rider NEW CASE MCU 🔑💎🔥 ROpens in a new window or tab",4999,,1650,,
VENOM EPIC COLLECTION: THE MADNESS TPBOpens in a new window or tab,1500,,600,,23
DC Marvel Superman Spider-Man #1 CGC 9.8 Adam Hughes Cover I Variant PRESALEOpens in a new window or tab,5999,,399,,
New ListingAmazing Spider-Man #23 CGC 9.8 Alex Ross Timeless Mysterio Virgin Marvel 2023Opens in a new window or tab,4999,,1195,False,
Amazing Spider-man #22 Nakayama Spider-woman variant NM Gem WowOpens in a new window or tab,799,,599,,
🔥🕷 AMAZING SPIDER-MAN #39 LEIRIX LI BLACK CAT Trade Dress VariantOpens in a new window or tab,1500,,575,,29
Marvel Tales #226. Reprint of Spider-Man #91. Todd McFarlane Cover. Marvel 1989.Opens in a new window or tab,1100,,600,,
ULTIMATE SPIDER-MAN #1 (5TH PRINT CHECCHETTO COVER) COMIC BOOK ~ MarvelOpens in a new window or tab,599,,447,,
AMAZING SPIDER-MAN #19 (DAVID NAKAYAMA EXCLUSIVE TRADE/VIRGIN VARIANT SET)Opens in a new window or tab,3500,,449,True,24
Spider-Man #5 McFarlane Newsstand Cover (1990-1995) Marvel ComicsOpens in a new window or tab,849,,595,False,
New ListingThe Amazing Spider-Man #330 (Marvel Comics March 1990)Opens in a new window or tab,999,,603,,
"New ListingSUPERMAN AND SPIDER-MAN PAPERBACK, PB, WARNER BOOKS, MARVEL AND DC PRESENT, 1981Opens in a new window or tab",3200,,552,,
SUPERIOR SPIDER-MAN #1 2013 NEAR MINT UNREAD COPY RYAN STEGMAN ARTOpens in a new window or tab,894,,450,,51
New ListingNon-Stop Spider-Man 1 CGC 9.8 Chew Variant Cover 2021Opens in a new window or tab,4999,,1600,,
AMAZING SPIDER-MAN #37 (TYLER KIRKHAM EXCLUSIVE VENOM VARIANT) COMIC ~ MarvelOpens in a new window or tab,1500,,449,True,60
Spider-man & Wolverine #1 Unknown Comics Tyler Kirkham Exclusive Var (06/18/2025Opens in a new window or tab,1000,,607,,
DC MARVEL SUPERMAN SPIDER-MAN #1 *COVER SELECT* Presale 03/25/26Opens in a new window or tab,799,,579,,
New ListingAmazing Spider-Man #53 1967 Enter Doc Oc Stan Lee John Romita White Pages - GDOpens in a new window or tab,3434,,577,,
AMAZING SPIDER-MAN #14 PEACH MOMOKO EXCLUSIVE HALLOWS EVE VIRGIN VARIANT NMOpens in a new window or tab,1199,,549,,
AMAZING SPIDER-MAN #32 (LEIRIX LI EXCLUSIVE NYCC 2023 FOIL VIRGIN VARIANT) COMICOpens in a new window or tab,4000,,449,True,
New ListingMiles Morales #37 CGC 9.8 1st White Cat & Inari Peach MoMoKo Variant Marvel 2025Opens in a new window or tab,4999,,1195,True,
New ListingSpiderman 692  Origin 1st Alpha (2012) & 700 (2013)  Death of Peter Parker MINTOpens in a new window or tab,999,,999,,
New ListingAmazing Spider-Man #61 BOGO FREE BACK ISSUES Marvel 2021 Cover A New CostumeOpens in a new window or tab,399,,599,,
ULTIMATE SPIDER-MAN INCURSION #1 KAARE ANDREWS 1 :100 VIRGIN VARIANT 2025 NM+Opens in a new window or tab,3495,,695,,
Ultimate Spider-Man comics select an issue FREE SHIPPINGOpens in a new window or tab,999,,0,,
Marvel / DC: Spider-Man / Superman #1 (2026) * YOU PICK COVER * PRESALE * 4/15 *Opens in a new window or tab,795,,650,,
New ListingRadioactive Spider-Man #1 CGC 9.8 1st Appearance of Mayhem Cover A Marvel 2025Opens in a new window or tab,5499,,1195,True,
Amazing Spider-Man (2025) #9 (#973) NM John Romita Jr CoverOpens in a new window or tab,399,,599,,
AMAZING SPIDER-MAN #61 VIRGIN EXCLUSIVE - 316 HOMAGE - DOOM - DA SILVAOpens in a new window or tab,2000,,,False,
AMAZING SPIDER-MAN #13 MANDRYK HOMAGE VARIANT 1ST APP GOLD GOBLIN NMOpens in a new window or tab,399,,695,False,
The Amazing Spider - # 202 203 204 205- 3rd Black Cat - Marvel Bronze Lot Of 4Opens in a new window or tab,2195,,795,,
Amazing Spider-Man/Venom: Death Spiral #1 Alpha Exclusives Junggeun Yoon VariantOpens in a new window or tab,1499,,0,,
"New ListingThe Amazing Spider-Man, 1978 #179, Marvel Comics GREEN GOBLINOpens in a new window or tab",1600,,500,,
AMAZING SPIDER-MAN #17 - PICK YOUR COVEROpens in a new window or tab,359,,475,,
SPIDER-MAN 7 RAMOS SPOILER SPIDER-BOY COVER 2023 1sr PRINT CGC 9.8Opens in a new window or tab,4899,,745,,
New ListingSpider-Man Noir #1 CGC 9.8 Cover A First Printing Marvel Comics 2025 AmazingOpens in a new window or tab,4999,,1195,True,
Predator vs Spider-Man #1 2nd Print 1:25 Ryan Brown Virgin Variant 2025 NM+Opens in a new window or tab,3495,,695,,
Amazing Spider-Man Renew Your Vows #13 Leg Unknown Comic Books Exclusive J. ScotOpens in a new window or tab,1100,,607,,103
ULTIMATE SPIDER-MAN #1 (MARCO CHECCHETTO 1:10 DESIGN VARIANT) ~ Marvel ComicsOpens in a new window or tab,1998,,599,True,37
DETECTIVE COMICS #411 WOO CHUL LEE C2E2 VARIANT LE 400 BATMAN TALIA AL GHULOpens in a new window or tab,4999,,499,,
Shop on eBay,2000,,,,
Shop on eBay,2000,,,,
New ListingLarge Lot Of Vintage Marvel Tales Spider-Man Comic  Books Lot Of 21Opens in a new window or tab,2999,,500,False,
ULTIMATE SPIDER-MAN #1 (5TH PRINT CHECCHETTO COVER) COMIC BOOK ~ MarvelOpens in a new window or tab,599,,447,,
New ListingRadioactive Spider-Man #1 CGC 9.8 1st Appearance of Mayhem Cover A Marvel 2025Opens in a new window or tab,5499,,1195,True,
New ListingThe Amazing Spiderman #108 Colombian Variant John Romita Hombre Araña #13 GRECOOpens in a new window or tab,5900,,750,,
"New ListingThe Amazing Spider-Man #226 (Marvel, 1982) NM- Newsstand Black CatOpens in a new window or tab",1700,,600,,
"New ListingAmazing Spider-Man 251 CGC 9.6 NM+ White Pages, vs. Hobgoblin New CaseOpens in a new window or tab",6498,,1764,,
New ListingAmazing Spider-Man #132 CGC 9.4 Near Mint OW pages 1974 Molten ManOpens in a new window or tab,9499,,1800,,
Marvel Studios: Spider-Man Homecoming Prelude (2017) #1-2 Complete Set FN-NMOpens in a new window or tab,1600,,800,,
⏰  ALEX ROSS TIMELESS MARVEL VIRGIN VARIANTS - MIX & MATCHOpens in a new window or tab,398,,690,,
AMAZING SPIDER-MAN #8 MARVEL COMICS 2025 MAIN COVER JOHN ROMITA JR. NMOpens in a new window or tab,525,,399,True,
New ListingAmazing Spider-Man #381 382 383 384 385 386 Run Set Lot Of 6 Marvel Comic BooksOpens in a new window or tab,2000,,795,,
New ListingFriendly Neighborhood Spider-Man 2005 lot of 6 issues NMOpens in a new window or tab,3000,,779,,
Spider-Man And Wolverine #3 Marvel Comics 1st Print Cover A 2025 NMOpens in a new window or tab,399,,499,False,37
2022 Amazing Spider-man #1 Comic A Cover & Variants Romita Gleason Artgerm NMOpens in a new window or tab,329,,749,,
New ListingThe Spectacular Spider-Man #147  FN/NM Marvel Comic Book 1 ET18Opens in a new window or tab,1349,,698,False,
Spider-Man #2 McFarlane Newsstand Cover (1990-1998) Marvel ComicsOpens in a new window or tab,849,,595,False,
New ListingSensational Spider-Man 2006 lot of 6 issues NMOpens in a new window or tab,2000,,779,,
New ListingAll-New Venom #6 CGC 9.8 Amazing Spider-Man 300 Impossible Homage Marvel 2025Opens in a new window or tab,5499,,1195,False,
New ListingMiles Morales Spider-Man #19 Tomb of Dracula 55 1977 Homage CGC 9.8 Marvel 2024Opens in a new window or tab,4999,,1195,False,
Spider-man #1 Rico Virgin VariantOpens in a new window or tab,1200,,0,,
Amazing Spider-Man 336 Near Mint NM Marvel Movie 1990Opens in a new window or tab,999,,687,False,
"New Listing🔑💎🔥  SPIDER-MAN #18 CGC 9.8, 1991 Ghost Rider NEW CASE MCU 🔑💎🔥 ROpens in a new window or tab",4999,,1650,,
Ultimate Spider-Man (2024 Marvel) #23 Limited 1:25 Variant Cover. We Combine.Opens in a new window or tab,699,,700,False,
AMAZING SPIDER-MAN #61 VIRGIN EXCLUSIVE - 316 HOMAGE - DOOM - DA SILVAOpens in a new window or tab,2000,,,False,
New ListingUltimate Spider-Man #1 Pichelli Variant CGC 9.8Opens in a new window or tab,80000,,747,,
Amazing Spider-Man #2  Nakayama Virgin Exclusive Variant NMOpens in a new window or tab,1099,,695,False,
Amazing Spider-Man #21 David Nakayama Color Block Red Variant (NM)Opens in a new window or tab,474,,679,False,
AMAZING SPIDER-MAN #17 - PICK YOUR COVEROpens in a new window or tab,359,,475,,
Amazing Spider-Man Ultimate Universe #1 Marvel Free Comic Book Day 2025 FCBDOpens in a new window or tab,499,,499,False,
Amazing Spider-Man #84 Marvel Comics 2022 NM+Opens in a new window or tab,399,,499,False,13
New ListingSuperior Spider-Man #7 CGC 9.8 Bagley Cover A Marvel 2024 Spider-Boy Symbiote WPOpens in a new window or tab,4999,,1195,False,
AMAZING SPIDER-MAN #23 **COVER SELECT** [1:25] PRE-SALE 03/04/2026Opens in a new window or tab,488,,579,True,
New ListingAmazing Spider-Man #150 1975 Vintage Marvel Comic Gil Kane Archie GoodwinOpens in a new window or tab,1499,,0,True,
🟣Marvel/DC Spider-Man/Superman #1 (20 Book set) Presale 4/22/26 (FOC 3/9/26)Opens in a new window or tab,12944,,1129,,
Spider-Man '94 #1 Blank Variant CoverOpens in a new window or tab,499,,,,
Amazing Spider-Man (2025) #9 (#973) NM John Romita Jr CoverOpens in a new window or tab,399,,599,,
Amazing Spider-Man #377 1993 Marvel Comics NM Comic Book DirectOpens in a new window or tab,499,,,False,
Spider-Man & Wolverine #2 (Marvel Comics August 2025) We Combine. We Pack Well.Opens in a new window or tab,444,,700,False,
New ListingThe Spectacular Spider-Man #172  FN/NM Marvel Comic Book 1 ET18Opens in a new window or tab,1349,,698,False,
SPIDER GWEN GHOST SPIDER #1 TRADE & VIRGIN SET - PEACH MOMOKO EXCLUSIVE LTD 1000Opens in a new window or tab,2499,,599,,39
New ListingSpider-Man #25 Vol. 1 | Marvel Comics 1992Opens in a new window or tab,999,,199,True,
New ListingVtg Marvel Comics Group The Amazing Spiderman vol 1 no.84 1970Opens in a new window or tab,4000,,577,,
Amazing Spider-Man 64 PSA 9.8 NM/MINT Graded Marvel vs Capcom Bengus Variant CGCOpens in a new window or tab,6498,,999,,
Amazing Spider-Man #50 Cover C Alex Ross Timeless Variant 1st PrintOpens in a new window or tab,2800,,795,,
"New ListingSPIDER-MAN #17 CGC  9.8 WHITE ""DEATH OF SPIDER-MAN""  CGC #4530254016Opens in a new window or tab",9000,,,False,
New ListingAmazing Spider-Man #314 1989 CBCS 9.0 NEWSSTAND! Todd McFarlane Christmas Cover!Opens in a new window or tab,5999,,799,,
Marvel Comics The Spectacular Spider-Man #3-263 1977-1997  [PICK / YOUR CHOICE]Opens in a new window or tab,143,,599,False,
Amazing Spider-Man #21A 2026 Stock ImageOpens in a new window or tab,499,,690,False,
AMAZING SPIDER-MAN #38 Ed McGuinness 1:100 Virgin Variant NMOpens in a new window or tab,2500,,0,False,
Ultimate Spider-Man: Incursion #1 Main Cover First PrintingOpens in a new window or tab,299,,599,True,22
Amazing Spider-Man #1 Greg Horn Exclusive Virgin Marvel 2018 - NM or BetterOpens in a new window or tab,3999,,600,True,15
New ListingVenom War #1 CGC 9.8 Skottie Young Variant 1st App of Venom Horse Marvel 2024 WPOpens in a new window or tab,4999,,1195,False,
MARVEL NOW AMAZING SPIDER-MAN #1 KEY 1ST CINDY MOON/SILK BLANK SKETCH VARIANTOpens in a new window or tab,2199,,0,True,
AMAZING SPIDER-MAN #13 MANDRYK HOMAGE VARIANT 1ST APP GOLD GOBLIN NMOpens in a new window or tab,399,,695,False,
SPIDER-MAN NOIR #5 - PICK YOUR COVEROpens in a new window or tab,449,,475,,
New ListingBen Reilly: Spider-Man #1 BOGO FREE BACK ISSUES Marvel 2022 Cover A Steve ScroceOpens in a new window or tab,399,,599,,
AMAZING SPIDER-MAN #22 LEE BERMEJO AMAZING VISIONS VARIANT (MARVEL COMICS 2026)Opens in a new window or tab,499,,,,
MARVEL TEAMUP #14 FACSIMILE EDITION | Select Covers Set Marvel Image Comic 2026Opens in a new window or tab,413,,475,True,
New Listing💎🔥Marvel Venom #14 Maxx Lim Virgin +Spider‑Man #4 Tony Daniel Exclusive NM SetOpens in a new window or tab,2778,,608,,
New ListingThe Spectacular Spider-Man #137  FN/NM Marvel Comic Book 2 ET18Opens in a new window or tab,1349,,698,False,
Shop on eBay,2000,,,,
Shop on eBay,2000,,,,
New ListingThe Spectacular Spider-Man #137  FN/NM Marvel Comic Book 2 ET18Opens in a new window or tab,1349,,698,False,
Amazing Spider-Man #104 Kraven the Hunter! Ka-zar! Marvel 1972Opens in a new window or tab,1795,,795,,
Amazing Spider-Man #70 April Pool's Day Variant (2025)Opens in a new window or tab,399,,525,,
New ListingVenom War #1 CGC 9.8 Skottie Young Variant 1st App of Venom Horse Marvel 2024 WPOpens in a new window or tab,4999,,1195,False,
ULTIMATE ENDGAME #1 (MARVEL) TRUE BELIEVERS BLIND BAG- LOT OF 10 ***  READ ***Opens in a new window or tab,2995,,999,,11
New ListingAmazing Spider-Man #266 267 268 269 270 - Lot Of 5 Copper MarvelOpens in a new window or tab,2495,,1015,,
New ListingAmazing Spider-Man #146 1975 Vintage Marvel Comic Gwen Stacy Clone JackalOpens in a new window or tab,1499,,0,True,
New ListingThe Amazing Spider-Man #85 1970 KEY ISSUE Stan Lee John Romita - VFOpens in a new window or tab,3939,,577,,
"New Listing🔑💎🔥  SPIDER-MAN #18 CGC 9.8, 1991 Ghost Rider NEW CASE MCU 🔑💎🔥 ROpens in a new window or tab",4999,,1650,,
The Amazing Spider-man (1974-1988) Various Higher Grade Raw Issues 131-297Opens in a new window or tab,500,,643,False,
Amazing Spider-Man #13 Symbie 1st Full Appearance Marvel 2025 NMOpens in a new window or tab,1499,,875,False,
AMAZING SPIDER-MAN  VOL .1 Bronze & Copper Age You Pick! 🔥🔥Opens in a new window or tab,295,,577,,
New ListingThe Amazing Spider-Man #294 (1987) Kraven's Last Hunt Bronze AgeOpens in a new window or tab,1425,,547,,
Marvel Comics ‘Superior Spider-Man Omnibus Vol. 1’ (2023) HardcoverOpens in a new window or tab,6909,,747,,42
SPIDEY  #1  CBCS 9.4Opens in a new window or tab,7000,,1000,,
Spider-Man #29  MARVEL Comics 1992 VF/NMOpens in a new window or tab,600,,399,True,
🔥🕷 AMAZING SPIDER-MAN #121-122 FACSIMILE EDITION Exclusive FOIL Variant SetOpens in a new window or tab,4000,,525,,32
New ListingSpider-Man #1 Torment (1990) Facsimile 2020 1st All New Collectors Item IssueOpens in a new window or tab,1200,,700,True,
Amazing Spider-Man #23 Lee Bermejo Amazing Visions VAR [DS] 3/4/26Opens in a new window or tab,498,,599,,
ULTIMATE SPIDER-MAN #24 Marvel Comic Book 2025Opens in a new window or tab,1049,,0,False,
New ListingAmazing Spiderman #565 - 629 ( Missing 11)  54 Comic Book Lot! Read Description.Opens in a new window or tab,12500,,2500,,
New ListingAmazing Spider-Man #125 - CGC 9.4Opens in a new window or tab,34720,,1000,,
"Amazing Spider-man #210, VF 1st Appearance Madame Web- Marvel 🔑  👀 NEWSTAND!Opens in a new window or tab",5999,,795,,
"New ListingSPIDER-MAN #17 CGC  9.8 WHITE ""DEATH OF SPIDER-MAN""  CGC #4530254016Opens in a new window or tab",9000,,,False,
New ListingAMAZING SPIDER-MAN #9 (1963) PGX 3.0 * 1st ELECTRO * U.K. editionOpens in a new window or tab,69000,,1000,,
Amazing Spider-Man #1 Greg Horn Exclusive Virgin Marvel 2018 - NM or BetterOpens in a new window or tab,3999,,600,True,15
New ListingVenom 36 CGC 9.8 Amazing Spider-Man 129 1974 Punisher Homage Cover A Marvel 2024Opens in a new window or tab,5499,,1195,False,
Amazing Spider-Man 336 Near Mint NM Marvel Movie 1990Opens in a new window or tab,999,,687,False,
New ListingThe Spectacular Spider-Man #145  FN/NM Marvel Comic Book 2 ET18Opens in a new window or tab,1349,,698,False,
NARCO #1 Cover D Daniel Hillyard Invincible Team-Up VarianTOpens in a new window or tab,1499,,599,,
New ListingThe Amazing Spider-Man #152 (Marvel Comics January 1976)Opens in a new window or tab,1300,,577,,
Spider-Man #2 Direct Market Edition ~ NEAR MINT NM ~ 1990 Marvel ComicsOpens in a new window or tab,499,,695,False,
New ListingMiles Morales Spider-Man #21 CGC 9.8 Skottie Young Big Marvels Cover Marvel 2024Opens in a new window or tab,4999,,1195,False,
Amazing Spider-Man #22 Lee Bermejo Amazing Visions Variant 2026Opens in a new window or tab,499,,695,False,
New Listing*💥WOW* The Amazing Spider-Man #166/173 LOT OF 2 (1977) READERS   *💥*Opens in a new window or tab,894,,830,,
🔥🕷 AMAZING SPIDER-MAN 33 EJIKURE BLACK CAT Trade Dress VariantOpens in a new window or tab,600,,777,,
New ListingAmazing Spider-Man #57 BOGO FREE BACK ISSUES Marvel 2021 Mark Bagley Cover AOpens in a new window or tab,399,,599,,
Amazing Spider-Man #21A 2026 Stock ImageOpens in a new window or tab,499,,690,False,
New ListingComic Lot Spiderman Venmo Carnage Nightwatch Mixed ComicsOpens in a new window or tab,2000,,1500,,
AMAZING SPIDER-MAN #61 (JOHN GIANG EXCLUSIVE DOCTOR DOOM VARIANT) COMIC PRE-SALEOpens in a new window or tab,1998,,449,True,151
Amazing Spider-Man # 334 NM- Marvel Comic Book Doctor Octopus Goblin 14 J346Opens in a new window or tab,999,,698,False,
Amazing Spider-Man #22 CVR A Cover Venom Variant 2/18/26 Marvel ComicsOpens in a new window or tab,498,,599,,
SYMBIOTE SPIDER-MAN 2099 #1 Lashley 2nd Print 1:25 Virgin Variant NMOpens in a new window or tab,1800,,0,False,25
DC Marvel Present Superman & Spider-Man #1 Facsimile Edition Cover A John RomitaOpens in a new window or tab,1798,,999,True,
Amazing Spider-man #67  Alexander Lozano Exclusive Virgin Variant NMOpens in a new window or tab,1499,,695,False,
MARVEL MASTERWORKS THE AMAZING SPIDER-MAN Volume 1 HC Stan Lee Jack KirbyOpens in a new window or tab,3899,,299,False,38
Amazing Spider-Man #79 Unknown Comics Gabriele Dell'Otto Exclusive Virgin Var (1Opens in a new window or tab,2100,,607,,
AMAZING SPIDER-MAN #29 (PRESALE 05/20/2026) You Pick VariantOpens in a new window or tab,499,,599,True,
Amazing Spider-Man/Venom: Death Spiral #1 [Ds] (NM)Opens in a new window or tab,569,,679,False,
Ultimate Spider-Man #17 Ivan talavera virgin variant 1:100 Marvel Comics NM+Opens in a new window or tab,4495,,695,,
Amazing Spider-Man #18 Lee Bermejo Amazing Visions 2025Opens in a new window or tab,499,,695,False,
New ListingSpider-Man Noir #1 CGC 9.8 Cover A First Printing Marvel Comics 2025 AmazingOpens in a new window or tab,4999,,1195,True,
AMAZING SPIDER-MAN BY NICK SPENCER OMNIBUS VOL. 2 HC OTTLEY COVEROpens in a new window or tab,4500,,600,,187
AMAZING SPIDER-MAN #17 - PICK YOUR COVEROpens in a new window or tab,359,,475,,
New ListingThe Amazing Spider-Man #260 (Marvel Comics January 1985) Hobgoblin Bronze AgeOpens in a new window or tab,950,,547,,
Spider-Man 2099 Omnibus Vol 1 New Marvel Comics HC Hardcover SealedOpens in a new window or tab,8495,,1000,,114
Amazing Spider-Man/Venom: Death Spiral #1 Connecting Var [DS] 2/25/26Opens in a new window or tab,598,,599,,
Amazing Spider-Man #238 NEW METAL SIGN: First Appearance The HobgoblinOpens in a new window or tab,2188,,0,,
AMAZING SPIDER-MAN #26 (KAARE ANDREWS EXCLUSIVE TRADE/VIRGIN VARIANT SET)Opens in a new window or tab,4000,,449,True,17
The Amazing Spider-Man #381 (1993) Marvel Comics 9.4 NM 1st Print Comic BookOpens in a new window or tab,268,,525,False,
Shop on eBay,2000,,,,
Shop on eBay,2000,,,,
New ListingThe Spectacular Spider-Man #135  FN/NM Marvel Comic Book 2 ET18Opens in a new window or tab,1349,,698,False,
Amazing Spider-Man #251 1984 NM NewsstandOpens in a new window or tab,2000,,0,,
New ListingAmazing Spider-Man #61 BOGO FREE BACK ISSUES Marvel 2021 Cover A New CostumeOpens in a new window or tab,399,,599,,
New ListingMiles Morales Spider-Man #19 Tomb of Dracula 55 1977 Homage CGC 9.8 Marvel 2024Opens in a new window or tab,4999,,1195,False,
New ListingSpider-Man Reign 1  Recalled Issue • 2007 • Marvel ComicsOpens in a new window or tab,2300,,643,,
New ListingAMAZING SPIDER-MAN #181 1978 Very FineOpens in a new window or tab,1000,,545,,
Amazing Spider-Man # 369 NM 1st Print Marvel Comic Book Venom Carnage May 5 J878Opens in a new window or tab,799,,0,False,
Giant Size Spider-Man #1 - Lee Bermejo Variant!Opens in a new window or tab,799,,650,,
Spider Man 17  Thanos Cover & Appearance  Infinity Gauntlet D1Opens in a new window or tab,500,,545,,
SPIDER-MAN NOIR #5 - PICK YOUR COVEROpens in a new window or tab,449,,475,,
Amazing Spider-Man #98 Marvel Comics 1971 Drug Issue  No CCA Green GoblinOpens in a new window or tab,5500,,795,,
Amazing Spider-Man (2025) #9 (#973) NM John Romita Jr CoverOpens in a new window or tab,399,,599,,
Amazing Spider-Man #24 [DS] CVR A Cover Variant Pre Order 3/18/26 Marvel ComicsOpens in a new window or tab,498,,599,,
Spider-Man #61  Marvel Comics 1995 VF+Opens in a new window or tab,600,,399,True,
New ListingAmazing Spider-Man #88 Marvel 2022 1st appearance of Queen GoblinOpens in a new window or tab,1399,,515,,
Marvel February 1964 Omnibus REGULAR COVER HC SEALED 1st Daredevil AppearanceOpens in a new window or tab,2000,,600,,
New ListingAmazing Spider-Man #1 Arthur Adams Exclusive Mary Jane Trade Variant 2022Opens in a new window or tab,2299,,578,,
New ListingAmazing Spider-Man #144 1975 Vintage Marvel Comic Gwen Stacy Clone Value StampOpens in a new window or tab,1998,,0,True,
Amazing Spider-Man #10 CVR A Cover Variant 2025 NMOpens in a new window or tab,449,,695,False,
Amazing Spider-man #25 Nathan Szerdy Virgin VariantOpens in a new window or tab,1500,,0,,
AMAZING SPIDER-MAN #21 LEE BERMEJO MARVEL COMICS 2026Opens in a new window or tab,429,,579,,
SPIDER-MAN INCREDIBLE HULK SOUTHWEST SHOWDOWN MARVEL PROMO COMIC COWBOYS 1982 VFOpens in a new window or tab,800,,1195,,
New ListingMiles Morales #37 CGC 9.8 1st White Cat & Inari Peach MoMoKo Variant Marvel 2025Opens in a new window or tab,4999,,1195,True,
Ultimate Spider-Man #24 - CVR A (Marvel Comics)Opens in a new window or tab,599,,549,,
New ListingThe Amazing Spider-Man Learning To Crawl 1.2  B&W Marvel 1:200Opens in a new window or tab,199,,715,False,
Marvel/DC: Spider-Man/Superman #1 Adam Hughes Variant PRESALE 4/22/26Opens in a new window or tab,799,,599,True,
New Listing“Marvel Storybook & Superior Spider-Man Books with Hulk & Spider-Man Plush Set”Opens in a new window or tab,2000,,800,False,
New ListingAmazing Spider-Man #89 BOGO FREE BACK ISSUES Marvel 2022 Patrick Gleason VariantOpens in a new window or tab,399,,599,,
MARVEL COMIC BOOK MYSTERY BOX (50 BOOKS) KEYS / VARIANTS / EXCLUSIVES VF-NM+Opens in a new window or tab,3999,,729,,
"New ListingMythos:  X-Men 1, Spider-Man 1, Hulk 1 (Marvel Comics 2008) 3-Issue Lot, VF/NMOpens in a new window or tab",1622,,965,,
New ListingAmazing Spider-Man 227 NM 1982 Marvel Black Cat John Romita JrOpens in a new window or tab,1900,,600,,
SPIDERMAN SUPERMAN 1 MARVEL DC (PRESELL4/25) 1:50 FRANK MILLER VARIANT NMOpens in a new window or tab,3960,,0,,
Black Cat #7 Ivan Talavera Spider-Man Web Variant 2/11/26 Marvel ComicOpens in a new window or tab,398,,599,,77
New ListingSpider-Man Saga #1 #2 #3 #4 Complete Set 1991 Newsstand #3 #4 Barcode High GradeOpens in a new window or tab,1500,,883,,
DC Marvel Superman Spider-Man #1 CVR R Daniel Sampere VAR Pre Order 3/25/26 DCOpens in a new window or tab,897,,599,,
New ListingSPIDER-MAN SHADOW OF GREEN GOBLIN #1 Hidden Gem 1:100 Virgin PSA 9.8 NOT CGCOpens in a new window or tab,12999,,1764,,
New ListingAmazing Spider-Man #375 CGC 9.8 NM/M W Pages Holo-Grafx CoverOpens in a new window or tab,9500,,1995,,
New ListingSpider-Man by Roger Stern Omnibus (Marvel Comics 2021)Opens in a new window or tab,14900,,0,,
New ListingThe Spectacular Spider-Man #149  FN/NM Marvel Comic Book 1 ET18Opens in a new window or tab,1349,,698,False,
AMAZING SPIDER-MAN #61 JOHN GIANG DOOM NEGATIVE BLEED LIMITED EXCLUSIVEOpens in a new window or tab,1499,,599,,70
BEN REILLY SPIDER-MAN #1 Jurgens 1:50 Costume Design Sketch Variant NMOpens in a new window or tab,1800,,0,False,
Amazing Spider-Man #2  Nakayama Virgin Exclusive Variant NMOpens in a new window or tab,1099,,695,False,
SPIDER-MAN '94 #1 - JOHN GIANG NEGATIVE BLEED VIRGIN & TD ^SET^ - LIMITED TO 800Opens in a new window or tab,3999,,599,,40
New ListingVtg Marvel Comics Group The Amazing Spiderman Feb 1970 comic book Vol 1 no. 81Opens in a new window or tab,4000,,577,,
AMAZING SPIDER-MAN #1 * NM+ * GREG HORN EXCLUSIVE TRADE DRESS VARIANT 2018 🔥🔥Opens in a new window or tab,2000,,0,,
New ListingVINTAGE 1994 MARVEL FOX CARTOON SPIDERMAN VS VENOM PROMO COMIC+ANIMATION CELOpens in a new window or tab,2495,,447,False,
New ListingAmazing spider-Man #263 (MARVEL 2024) Facsimile 1:25 Inhyuk Lee variant Lot 2Opens in a new window or tab,199,,715,False,
Amazing Spider-Man Omnibus Volume 5 Kane DM Variant New Marvel Comics HC SealedOpens in a new window or tab,6495,,1000,,216
SPIDER-MAN NOIR #1 FAC EDITION (PRESALE 4/22/26)Opens in a new window or tab,499,,599,True,
Amazing Spider-Man #110 (1972) 1st Gibbon Appearance Marvel Bronze Age 4.0 - 4.5Opens in a new window or tab,1795,,795,,
AMAZING SPIDER-MAN #20 CLAYTON CRAIN VARIANT (MARVEL COMICS 2026) READER COPYOpens in a new window or tab,374,,,,
Amazing Spider-Man #49 LGY #850 Ryan Ottley Cover A Marvel 2020 Nick Spencer 9.6Opens in a new window or tab,374,,699,False,
New ListingAMAZING SPIDER-MAN #14 (1963) CGC 1.5 * 1st GREEN GOBLIN * DitkoOpens in a new window or tab,109300,,1000,,
Spider-Man & Wolverine #10 Marvel 2026 VF/NM ComicsOpens in a new window or tab,359,,600,False,
Spider-Man Marvel Comics Library Vol 2 1965-1966 Taschen XXL HC Brand New SEALEDOpens in a new window or tab,15999,,0,,
Ultimate Spider-Man Epic Collection Learning Curve Marvel Comics TPBOpens in a new window or tab,2995,,595,,
New ListingAmazing Spider-Man 252 1984 CGC 8.5 WP NEWSSTAND **1st Black Costume* Major KEYOpens in a new window or tab,1,,0,,
New ListingSpidey Super Stories # 25  (5.0) 8/1977 Marvel Bronze-Age Major Key 1st Web-Man!Opens in a new window or tab,3500,,650,,
The Amazing Spider-Man #366 Newsstand Cover Marvel ComicsOpens in a new window or tab,679,,595,False,
BATTLE BEAST #2 FOIL ADVANCE EDITION | w/ BLIND BAG | OTTLEY INVINCIBLE UNIVERSEOpens in a new window or tab,2800,,0,True,
